[{
        "id": 1,
        "name": "pen",
        "price": 25,
        "imageUrl":"images/pen.png",
        "imageHeight":50,
        "imageWidth":50,
        "mfg":"25-jan-2015",
        "rating":4.2576
    }, {
        "id": 2,
        "name": "pencil",
        "price": 5,
        "imageUrl":"images/pencil.png",
        "imageHeight":50,
        "imageWidth":50,
        "mfg":"25-jan-2014",
        "rating":3.9824
    },
    {
        "id": 3,
        "name": "eraser",
        "price": 5,
        "imageUrl":"images/eraser.jpg",
        "imageHeight":50,
        "imageWidth":50,
        "mfg":"25-feb-2015",
        "rating":4.1576
    }]