<templateSet group="angular-styleguide-service">
    <template name="ngservice"
              value="(function() {&#10;    'use strict';&#10;&#10;    angular&#10;        .module('$moduleName$')&#10;        .service('$ServiceName$', $ServiceName$);&#10;&#10;    $ServiceName$.$inject = ['$dependency$'];&#10;&#10;    /* @ngInject */&#10;    function $ServiceName$($dependency$) {&#10;        this.$functionName$ = $functionName$;&#10;&#10;        ////////////////&#10;&#10;        function $functionName$() {&#10;            $functionNameFunction$&#10;        }&#10;    }&#10;&#10;})();&#10;&#10;$END$"
              description="Creates an Angular service" toReformat="true" toShortenFQNames="true">
        <variable name="moduleName" expression="" defaultValue="&quot;moduleName&quot;" alwaysStopAt="true"/>
        <variable name="ServiceName" expression="" defaultValue="&quot;ServiceName&quot;" alwaysStopAt="true"/>
        <variable name="dependency" expression="" defaultValue="&quot;dependency&quot;" alwaysStopAt="true"/>
        <variable name="functionName" expression="" defaultValue="&quot;functionName&quot;" alwaysStopAt="true"/>
        <variable name="functionNameFunction" expression="" defaultValue="" alwaysStopAt="true"/>
        <context>
            <option name="HTML_TEXT" value="false"/>
            <option name="HTML" value="false"/>
            <option name="XSL_TEXT" value="false"/>
            <option name="XML" value="false"/>
            <option name="XML_TEXT" value="false"/>
            <option name="JSON" value="false"/>
            <option name="JSP" value="false"/>
            <option name="CSS_PROPERTY_VALUE" value="false"/>
            <option name="CSS_DECLARATION_BLOCK" value="false"/>
            <option name="CSS_RULESET_LIST" value="false"/>
            <option name="CSS" value="false"/>
            <option name="CUCUMBER_FEATURE_FILE" value="false"/>
            <option name="JAVA_SCRIPT" value="false"/>
            <option name="JS_EXPRESSION" value="false"/>
            <option name="JSX_HTML" value="false"/>
            <option name="JS_STATEMENT" value="true"/>
            <option name="TypeScript" value="false"/>
            <option name="Handlebars" value="false"/>
            <option name="HAML" value="false"/>
            <option name="JADE" value="false"/>
            <option name="CoffeeScript" value="false"/>
            <option name="DART" value="false"/>
            <option name="OTHER" value="false"/>
        </context>
    </template>
</templateSet>